customer,state,gender,education,customer_lifetime_value,income,monthly_premium_auto,number_of_open_complaints,policy_type,vehicle_class,total_claim_amount
,,,,697953.59,0.0,94.0,0.0,,,1131.464935
,,,,1288743.17,48767.0,108.0,0.0,,,566.472247
,,,,764586.18,0.0,106.0,0.0,,,529.881344
,,,,536307.65,36357.0,68.0,0.0,,,17.269323
,,,,825629.78,62902.0,69.0,0.0,,,159.383042
,,,,538089.86,55350.0,67.0,0.0,,,321.6
,,,,721610.03,0.0,101.0,0.0,,,363.02968
,,,,2412750.4,14072.0,71.0,0.0,,,511.2
,,,,738817.81,28812.0,93.0,0.0,,,425.527834
,,,,473899.2,0.0,67.0,0.0,,,482.4
,,,,617710.93,61040.0,79.0,1.0,,,20.382876
,,,,916206.32,29723.0,80.0,0.0,,,20.985105
,,,,473787.17,0.0,130.0,0.0,,,23.820158
,,,,495165.61,46896.0,35354.0,1.0,,,31.707317
,,,,487938.48,67163.0,61.0,2.0,,,33.192803
,,,,538275.2,77552.0,68.0,1.0,,,45.215059
,,,,1595001.95,0.0,87.0,1.0,,,46.041452
,,,,499655.27,71600.0,63.0,0.0,,,46.158117
,,,,518579.76,99428.0,6464.0,1.0,,,48.046869
,,,,1048491.54,61108.0,89.0,0.0,,,49.451117
,,,,282986.39,25317.0,71.0,0.0,,,50.422181
,,,,725595.38,88891.0,89.0,0.0,,,50.528355
,,,,1038855.32,61222.0,89.0,0.0,,,392.604371
,,,,247012.12,0.0,74.0,0.0,,,721.242206
,,,,561906.85,50335.0,140.0,0.0,,,456.52385
,,,,904711.92,0.0,127.0,0.0,,,1087.995426
,,,,268731.41,82210.0,68.0,4.0,,,51.961915
,,,,373150.46,0.0,96.0,0.0,,,460.8
,,,,366077.03,64495.0,92.0,0.0,,,251.992083
,,,,792882.93,0.0,72.0,0.0,,,345.6
,,,,501175.16,28859.0,67.0,3.0,,,321.6
,,,,798825.83,77330.0,99.0,0.0,,,99.257608
,,,,388545.64,0.0,105.0,0.0,,,504.0
,,,,935773.78,33060.0,117.0,0.0,,,56.731578
,,,,254068.98,42557.0,65.0,0.0,,,57.562324
,,,,488516.25,26372.0,126.0,0.0,,,604.8
,,,,975330.71,17514.0,127.0,0.0,,,8.312729
,,,,294615.37,89270.0,74.0,0.0,,,316.599228
,,,,258111.09,29757.0,65.0,0.0,,,312.0
,,,,351738.58,51814.0,92.0,0.0,,,56.300724
,,,,974335.01,24028.0,82.0,0.0,,,393.6
,,,,387364.7,28142.0,105.0,0.0,,,701.708239
,,,,764928.2,52705.0,64.0,1.0,,,128.705563
,,,,228759.69,0.0,63.0,0.0,,,679.368378
,,,,825576.39,54040.0,103.0,0.0,,,59.987126
,,,,871492.21,0.0,118.0,0.0,,,566.4
,,,,681923.12,22492.0,85.0,0.0,,,61.654262
,,,,741619.73,0.0,77.0,2.0,,,554.4
,,,,777115.9,21876.0,68.0,0.0,,,465.41477
,,,,696834.19,0.0,69.0,1.0,,,496.8
,,,,425028.26,0.0,61.0,1.0,,,292.8
,,,,1977656.65,70699.0,82.0,0.0,,,256.813837
,,,,2134346.6,0.0,74.0,1.0,,,355.2
,,,,241313.97,27501.0,63.0,0.0,,,542.319401
,,,,1536384.72,15897.0,101.0,0.0,,,303.148399
,,,,845696.19,25141.0,73.0,1.0,,,25.438063
,,,,218964.25,0.0,61.0,3.0,,,292.8
,,,,578018.22,51066.0,74.0,0.0,,,787.993313
,,,,463998.16,28358.0,117.0,0.0,,,84.024413
,,,,382443.13,62530.0,95.0,0.0,,,61.693771
,,,,596811.89,90972.0,74.0,0.0,,,232.926145
,,,,859033.5,63110.0,72.0,0.0,,,68.179721
,,,,407663.47,29549.0,104.0,0.0,,,710.433775
,,,,1225260.18,0.0,115.0,1.0,,,552.0
,,,,1693627.15,39411.0,217.0,2.0,,,1122.658899
,,,,489243.55,21709.0,62.0,0.0,,,408.374746
,,,,994230.48,67890.0,85.0,0.0,,,408.0
,,,,373583.81,0.0,110.0,0.0,,,792.0
,,,,1311752.22,84311.0,111.0,4.0,,,532.8
,,,,457452.41,99316.0,114.0,0.0,,,754.358929
,,,,547006.06,54507.0,138.0,0.0,,,702.990032
,,,,297884.6,64586.0,76.0,0.0,,,206.837111
,,,,641096.75,61709.0,82.0,2.0,,,275.395894
,,,,447902.31,94656.0,111.0,1.0,,,459.738128
,,,,238373.19,0.0,69.0,0.0,,,496.8
,,,,276449.37,61085.0,70.0,1.0,,,336.0
,,,,792010.54,89284.0,67.0,3.0,,,321.6
,,,,688909.8,0.0,63.0,0.0,,,302.4
,,,,327419.46,31686.0,81.0,0.0,,,430.994107
,,,,995170.77,56855.0,255.0,0.0,,,1836.0
,,,,252155.57,53703.0,67.0,2.0,,,67.632476
,,,,2370611.34,0.0,96.0,1.0,,,844.481918
,,,,604702.52,20396.0,76.0,1.0,,,364.8
,,,,1114030.25,27679.0,150.0,0.0,,,722.486994
,,,,433406.41,23904.0,123.0,3.0,,,590.4
,,,,279974.79,65351.0,69.0,0.0,,,481.027516
,,,,792313.66,0.0,113.0,0.0,,,1124.427734
,,,,368811.09,0.0,63.0,3.0,,,669.682001
,,,,1206745.6,0.0,116.0,0.0,,,1284.093173
,,,,292497.67,64459.0,72.0,0.0,,,240.259479
,,,,1501409.27,32961.0,190.0,0.0,,,912.0
,,,,927723.38,71416.0,116.0,0.0,,,556.8
,,,,627412.39,68964.0,78.0,0.0,,,115.086827
,,,,388664.74,78108.0,98.0,0.0,,,470.4
,,,,438627.76,10621.0,67.0,0.0,,,321.6
,,,,1136526.77,84910.0,95.0,0.0,,,383.167471
,,,,561096.43,77493.0,70.0,0.0,,,307.963291
,,,,291289.2,81097.0,74.0,0.0,,,355.2
,,,,691572.99,96610.0,85.0,0.0,,,520.364752
,,,,626266.33,30110.0,159.0,0.0,,,466.436375
,,,,650339.7,22081.0,84.0,0.0,,,451.670309
,,,,800739.94,0.0,112.0,0.0,,,537.6
,,,,292991.65,98473.0,72.0,0.0,,,345.6
,,,,596955.3,97431.0,74.0,0.0,,,355.2
,,,,547315.99,93870.0,69.0,0.0,,,331.2
,,,,564539.67,50366.0,72.0,0.0,,,428.734656
,,,,636926.24,34498.0,83.0,0.0,,,398.4
,,,,1183376.73,16552.0,103.0,0.0,,,494.4
,,,,612110.79,26787.0,77.0,0.0,,,369.6
,,,,515936.97,0.0,74.0,0.0,,,831.752839
,,,,251459.2,43860.0,65.0,0.0,,,156.124914
,,,,866861.13,21474.0,114.0,2.0,,,373.428187
,,,,496096.54,18174.0,66.0,0.0,,,395.934815
,,,,550413.9,0.0,73.0,0.0,,,350.4
,,,,750745.54,60920.0,64.0,0.0,,,231.201886
,,,,3226985.14,41520.0,90.0,0.0,,,289.904105
,,,,565703.16,0.0,152.0,0.0,,,729.6
,,,,506175.79,0.0,68.0,0.0,,,326.4
,,,,591278.38,72208.0,73.0,0.0,,,350.4
,,,,1518227.98,53863.0,63.0,0.0,,,105.765111
,,,,1074703.09,66446.0,136.0,0.0,,,639.464548
,,,,205062.35,0.0,61.0,0.0,,,292.8
,,,,246544.49,64997.0,63.0,1.0,,,383.442328
,,,,534312.13,64460.0,66.0,0.0,,,316.8
,,,,811982.91,46618.0,67.0,0.0,,,99.085943
,,,,460526.52,0.0,64.0,0.0,,,307.2
,,,,640878.56,49988.0,84.0,5.0,,,566.935022
,,,,237653.35,0.0,91.0,5.0,,,436.8
,,,,321107.0,16269.0,86.0,0.0,,,412.8
,,,,509452.23,72006.0,64.0,0.0,,,307.2
,,,,2575527.82,0.0,81.0,2.0,,,388.8
,,,,867222.97,0.0,245.0,0.0,,,2345.413441
,,,,804473.07,44320.0,67.0,0.0,,,321.6
,,,,400151.91,19782.0,108.0,0.0,,,773.470977
,,,,1670611.7,63933.0,70.0,0.0,,,424.883448
,,,,854441.11,28224.0,109.0,0.0,,,523.2
,,,,780531.29,21073.0,106.0,1.0,,,508.8
,,,,611275.69,63243.0,77.0,0.0,,,364.240307
,,,,477294.38,20993.0,133.0,0.0,,,638.4
,,,,1097909.56,94827.0,135.0,0.0,,,354.729129
,,,,500426.38,39161.0,63.0,1.0,,,283.995953
,,,,1322304.38,37534.0,84.0,2.0,,,403.2
,,,,262331.54,80210.0,65.0,0.0,,,20.543176
,,,,1784019.56,0.0,62.0,0.0,,,385.115437
,,,,510611.18,30110.0,64.0,0.0,,,140.165035
,,,,1793060.45,21708.0,68.0,0.0,,,326.4
,,,,545734.26,94731.0,67.0,0.0,,,321.6
,,,,656364.41,32375.0,83.0,0.0,,,398.4
,,,,481252.52,16531.0,63.0,0.0,,,102.879769
,,,,2932804.19,32006.0,94.0,0.0,,,56.868289
,,,,577352.07,81676.0,72.0,0.0,,,463.158502
,,,,684711.89,71038.0,86.0,0.0,,,205.444066
,,,,359531.29,0.0,103.0,0.0,,,741.6
,,,,2285561.21,20832.0,65.0,0.0,,,56.371967
,,,,785941.46,0.0,113.0,0.0,,,813.6
,,,,411557.74,52405.0,103.0,0.0,,,494.4
,,,,502963.88,0.0,133.0,0.0,,,795.864079
,,,,482141.85,26583.0,1005.0,4.0,,,614.4
,,,,500431.05,25486.0,65.0,0.0,,,72.438681
,,,,863005.39,24065.0,111.0,0.0,,,532.8
,,,,932208.51,70435.0,116.0,0.0,,,67.881546
,,,,1672756.06,0.0,76.0,2.0,,,402.636829
,,,,365253.24,39679.0,92.0,0.0,,,641.388616
,,,,615860.12,0.0,89.0,0.0,,,342.481173
,,,,437608.4,0.0,69.0,4.0,,,331.2
,,,,556945.62,53565.0,71.0,1.0,,,340.8
,,,,257651.3,37574.0,66.0,1.0,,,412.101933
,,,,834698.32,48259.0,108.0,0.0,,,73.700573
,,,,632392.39,78532.0,78.0,0.0,,,374.4
,,,,597314.34,96163.0,73.0,0.0,,,350.4
,,,,470667.7,0.0,72.0,0.0,,,345.6
,,,,809341.03,0.0,114.0,1.0,,,722.024742
,,,,503574.46,72672.0,63.0,0.0,,,259.361117
,,,,902786.72,99002.0,112.0,1.0,,,537.6
,,,,728888.48,79494.0,91.0,0.0,,,396.295614
,,,,1804247.94,35704.0,225.0,0.0,,,358.281562
,,,,499206.3,0.0,71.0,0.0,,,653.388564
,,,,910226.78,26049.0,118.0,0.0,,,121.032372
,,,,254040.77,70125.0,64.0,0.0,,,92.813396
,,,,1294189.19,52369.0,110.0,1.0,,,528.0
,,,,236534.86,0.0,66.0,2.0,,,159.636956
,,,,572076.51,41770.0,72.0,0.0,,,476.156957
,,,,703553.41,0.0,101.0,0.0,,,727.2
,,,,263697.77,31911.0,67.0,0.0,,,321.6
,,,,539583.2,70051.0,68.0,0.0,,,42.078345
,,,,838263.01,19683.0,117.0,1.0,,,561.6
,,,,3116174.52,30916.0,112.0,0.0,,,200.11606
,,,,288774.23,0.0,80.0,0.0,,,676.944023
,,,,742584.53,84302.0,62.0,0.0,,,76.609295
,,,,2558572.78,0.0,116.0,0.0,,,830.623064
,,,,1027260.82,60145.0,132.0,0.0,,,580.473259
,,,,437636.36,63774.0,111.0,0.0,,,60.036683
,,,,531889.66,25134.0,67.0,0.0,,,321.6
,,,,471976.22,37057.0,61.0,1.0,,,47.53101
,,,,442803.16,58577.0,110.0,0.0,,,303.872752
,,,,587917.61,85857.0,73.0,0.0,,,100.620067
,,,,941690.85,70602.0,116.0,0.0,,,481.339891
,,,,828815.56,33816.0,106.0,2.0,,,508.8
,,,,3265483.83,0.0,153.0,0.0,,,1101.6
,,,,471945.01,89642.0,121.0,4.0,,,86.320022
,,,,390347.48,60068.0,98.0,0.0,,,470.4
,,,,545725.97,50044.0,139.0,0.0,,,667.2
,,,,272535.64,36650.0,69.0,1.0,,,56.60333
,,,,443397.37,50653.0,110.0,0.0,,,262.865172
,,,,533246.27,68931.0,66.0,0.0,,,309.577946
,,,,231509.5,0.0,73.0,1.0,,,350.4
,,,,541195.37,0.0,73.0,0.0,,,365.364581
,,,,958733.23,39266.0,80.0,0.0,,,384.0
,,,,2210350.72,0.0,102.0,0.0,,,489.6
,,,,976494.53,0.0,98.0,1.0,,,705.6
,,,,256715.15,40864.0,65.0,0.0,,,9.51528
,,,,265062.28,39035.0,68.0,0.0,,,244.564334
,,,,1126436.33,34923.0,98.0,0.0,,,639.105556
,,,,216852.35,0.0,63.0,0.0,,,453.6
,,,,861066.75,0.0,111.0,0.0,,,532.8
,,,,283464.62,24506.0,71.0,0.0,,,511.2
,,,,893013.97,0.0,82.0,0.0,,,554.522969
,,,,553638.7,52220.0,70.0,1.0,,,336.0
,,,,284085.43,0.0,74.0,0.0,,,402.449823
,,,,808288.1,53554.0,67.0,0.0,,,327.020539
,,,,525473.43,34476.0,67.0,1.0,,,5.3953
,,,,511623.76,0.0,70.0,0.0,,,131.401291
,,,,303464.7,68205.0,76.0,0.0,,,99.382943
,,,,802489.99,0.0,119.0,1.0,,,856.8
,,,,1821114.32,53690.0,154.0,0.0,,,739.2
,,,,512156.33,0.0,72.0,0.0,,,518.4
,,,,215017.86,0.0,61.0,0.0,,,292.8
,,,,559538.99,74454.0,71.0,0.0,,,340.8
,,,,756282.4,0.0,73.0,0.0,,,350.4
,,,,538585.32,29664.0,71.0,0.0,,,340.8
,,,,267805.83,72450.0,66.0,0.0,,,84.218363
,,,,942256.79,47272.0,79.0,3.0,,,64.546877
,,,,360586.03,21585.0,92.0,0.0,,,441.6
,,,,776259.06,23827.0,106.0,2.0,,,37.910623
,,,,2344490.05,69906.0,74.0,2.0,,,202.860399
,,,,255817.82,0.0,72.0,0.0,,,345.6
,,,,265438.1,73196.0,66.0,1.0,,,85.809817
,,,,254978.61,72217.0,6464.0,0.0,,,91.146661
,,,,296959.33,46131.0,74.0,0.0,,,355.2
,,,,436312.46,54514.0,109.0,3.0,,,286.234931
,,,,588430.86,0.0,161.0,0.0,,,1159.2
,,,,527219.16,96668.0,66.0,0.0,,,316.8
,,,,550989.57,78879.0,69.0,1.0,,,466.570791
,,,,1631368.35,0.0,69.0,0.0,,,331.2
,,,,567805.02,0.0,76.0,0.0,,,364.8
,,,,1210120.88,0.0,112.0,0.0,,,1252.406235
,,,,245357.08,29735.0,69.0,0.0,,,331.2
,,,,507566.27,23082.0,65.0,0.0,,,312.0
,,,,321497.94,53984.0,80.0,0.0,,,421.484456
,,,,1227534.31,52135.0,156.0,0.0,,,430.505942
,,,,272221.07,17576.0,71.0,0.0,,,398.502948
,,,,245744.09,29486.0,62.0,0.0,,,7.646763
,,,,355484.53,58557.0,88.0,0.0,,,55.510526
,,,,492954.97,25632.0,63.0,0.0,,,351.270869
,,,,803645.03,0.0,112.0,0.0,,,806.4
,,,,427691.53,18768.0,68.0,3.0,,,647.454583
,,,,3347334.95,33190.0,106.0,0.0,,,508.8
,,,,596058.14,47945.0,74.0,0.0,,,128.43823
,,,,4479546.94,58778.0,126.0,0.0,,,302.033971
,,,,383211.81,15192.0,100.0,0.0,,,480.0
,,,,683793.26,51859.0,171.0,0.0,,,1003.160633
,,,,528526.82,23422.0,72.0,0.0,,,518.4
,,,,309651.12,21604.0,79.0,0.0,,,379.2
,,,,358971.07,79298.0,90.0,0.0,,,244.362072
,,,,258240.85,76731.0,64.0,0.0,,,201.455005
,,,,340391.94,38460.0,88.0,1.0,,,91.55098
,,,,1357567.6,48534.0,115.0,1.0,,,552.0
,,,,343613.43,30817.0,88.0,0.0,,,91.834668
,,,,2868582.79,48412.0,104.0,0.0,,,707.430832
,,,,450267.97,68798.0,114.0,0.0,,,92.915251
,,,,618311.15,23712.0,85.0,0.0,,,376.126419
,,,,387364.7,28142.0,105.0,0.0,,,701.708239
,,,,1892933.06,72196.0,68.0,0.0,,,152.184244
,,,,555329.58,68197.0,69.0,0.0,,,176.819414
,,,,501125.92,75248.0,63.0,0.0,,,104.454624
,,,,1044244.63,0.0,98.0,0.0,,,941.718054
,,,,219961.78,0.0,65.0,1.0,,,468.0
,,,,512317.09,89879.0,63.0,0.0,,,94.030308
,,,,748431.05,46998.0,96.0,0.0,,,460.8
,,,,261302.31,57099.0,67.0,0.0,,,67.859881
,,,,908063.97,33897.0,114.0,0.0,,,539.843003
,,,,1377097.62,59207.0,116.0,0.0,,,556.8
,,,,287682.29,40171.0,73.0,0.0,,,350.4
,,,,540891.15,80192.0,67.0,0.0,,,95.193157
,,,,677030.68,74422.0,85.0,1.0,,,95.338505
,,,,2414387.56,0.0,87.0,0.0,,,626.4
,,,,353805.95,0.0,67.0,5.0,,,321.6
,,,,2909123.94,34226.0,244.0,0.0,,,494.395024
,,,,1983420.12,65989.0,123.0,1.0,,,115.545086
,,,,473136.7,30686.0,61.0,0.0,,,19.938981
,,,,3553784.6,0.0,113.0,0.0,,,799.926741
,,,,3461137.9,20090.0,109.0,0.0,,,523.2
,,,,2021630.88,0.0,183.0,0.0,,,878.4
,,,,1397651.93,77094.0,176.0,0.0,,,444.470676
,,,,590408.82,97413.0,73.0,0.0,,,268.819985
,,,,559583.5,79189.0,69.0,0.0,,,331.2
,,,,229430.36,0.0,62.0,0.0,,,297.6
,,,,627391.19,18577.0,86.0,0.0,,,412.8
,,,,372672.8,0.0,112.0,1.0,,,806.4
,,,,265671.31,62777.0,67.0,0.0,,,101.288069
,,,,511068.08,0.0,74.0,0.0,,,532.8
,,,,712659.65,17483.0,183.0,0.0,,,1317.6
,,,,460163.41,84394.0,114.0,0.0,,,691.412378
,,,,915523.97,0.0,127.0,0.0,,,804.811859
,,,,1480805.62,41440.0,62.0,1.0,,,297.6
,,,,890167.84,0.0,136.0,1.0,,,1090.86434
,,,,573459.82,98132.0,71.0,0.0,,,50.587035
,,,,417769.7,0.0,112.0,0.0,,,537.6
,,,,2777628.91,88220.0,230.0,0.0,,,151.528482
,,,,1036434.75,58327.0,129.0,0.0,,,347.075948
,,,,785190.14,25950.0,66.0,0.0,,,271.697529
,,,,477294.38,20993.0,133.0,0.0,,,638.4
,,,,1422650.49,65726.0,177.0,0.0,,,849.6
,,,,287543.24,84768.0,72.0,0.0,,,110.484661
,,,,504129.96,36234.0,63.0,0.0,,,113.534474
,,,,436293.12,58842.0,110.0,0.0,,,528.0
,,,,962452.44,25629.0,124.0,2.0,,,595.2
,,,,2191440.55,77311.0,181.0,0.0,,,113.609508
,,,,694842.22,0.0,196.0,2.0,,,1337.063487
,,,,247152.84,95697.0,61.0,0.0,,,114.273025
,,,,2190391.36,22254.0,79.0,0.0,,,125.194389
,,,,902882.14,65974.0,113.0,0.0,,,235.220971
,,,,530375.95,0.0,76.0,0.0,,,395.34111
,,,,2070825.88,92079.0,65.0,1.0,,,114.798771
,,,,512376.81,0.0,74.0,0.0,,,772.798511
,,,,949234.3,0.0,132.0,0.0,,,633.6
,,,,820486.32,0.0,73.0,0.0,,,350.4
,,,,987729.57,67752.0,131.0,4.0,,,168.517149
,,,,481500.97,25398.0,64.0,0.0,,,307.2
,,,,627701.17,0.0,88.0,0.0,,,633.6
,,,,826063.98,33321.0,105.0,0.0,,,504.0
,,,,254945.0,0.0,78.0,0.0,,,845.654042
,,,,380392.18,20325.0,100.0,0.0,,,668.29397
,,,,863540.35,13129.0,117.0,0.0,,,700.901632
,,,,551055.9,0.0,73.0,0.0,,,525.6
,,,,358588.41,49080.0,91.0,0.0,,,25.299
,,,,488925.28,42536.0,63.0,0.0,,,375.330097
,,,,275694.17,29926.0,74.0,0.0,,,418.233667
,,,,328954.74,0.0,86.0,0.0,,,398.240791
,,,,1093717.85,21450.0,138.0,0.0,,,938.513425
,,,,737556.79,33345.0,65.0,0.0,,,338.619869
,,,,1011077.82,15752.0,90.0,0.0,,,339.344531
,,,,511941.43,40169.0,65.0,1.0,,,302.818833
,,,,853383.2,26049.0,113.0,1.0,,,619.165344
,,,,222476.8,0.0,68.0,0.0,,,326.4
,,,,804280.38,55411.0,100.0,0.0,,,259.561195
,,,,255443.71,12459.0,70.0,0.0,,,336.0
,,,,1807394.0,64620.0,76.0,1.0,,,364.8
,,,,243050.66,83140.0,61.0,0.0,,,179.161843
,,,,316765.84,0.0,92.0,0.0,,,662.4
,,,,546560.4,54422.0,68.0,0.0,,,75.501852
,,,,1035751.42,68309.0,131.0,0.0,,,306.983596
,,,,253781.39,56621.0,65.0,2.0,,,84.026848
,,,,282194.72,38977.0,70.0,0.0,,,139.489926
,,,,775712.81,0.0,111.0,0.0,,,607.4459
,,,,407913.27,0.0,114.0,0.0,,,631.124372
,,,,595554.46,0.0,83.0,0.0,,,628.023494
,,,,1415861.36,83235.0,70.0,0.0,,,336.0
,,,,848723.8,0.0,74.0,0.0,,,426.655599
,,,,628547.69,32390.0,80.0,0.0,,,91.417923
,,,,1147348.15,66538.0,95.0,0.0,,,317.844812
,,,,494263.06,23285.0,65.0,0.0,,,118.446235
,,,,2359468.02,76358.0,66.0,0.0,,,86.461582
,,,,257250.66,21104.0,66.0,0.0,,,118.454974
,,,,538089.86,55350.0,67.0,0.0,,,321.6
,,,,477055.09,12964.0,65.0,0.0,,,362.774545
,,,,675665.14,33288.0,86.0,2.0,,,221.856184
,,,,593601.18,0.0,84.0,0.0,,,980.169081
,,,,357076.05,56168.0,88.0,0.0,,,614.675906
,,,,601996.05,0.0,92.0,0.0,,,662.4
,,,,542686.4,23105.0,69.0,0.0,,,331.2
,,,,273031.38,36218.0,68.0,0.0,,,145.252168
,,,,498268.14,52275.0,62.0,0.0,,,374.240783
,,,,876926.68,49665.0,74.0,0.0,,,355.2
,,,,422061.35,32471.0,110.0,0.0,,,528.0
,,,,1153750.51,0.0,86.0,1.0,,,619.2
,,,,588718.2,62773.0,73.0,0.0,,,80.669257
,,,,470058.38,76694.0,117.0,0.0,,,561.6
,,,,1096395.72,55687.0,276.0,0.0,,,1324.8
,,,,252317.12,0.0,70.0,0.0,,,504.0
,,,,375780.47,36633.0,96.0,1.0,,,460.8
,,,,1294173.35,77060.0,106.0,0.0,,,468.566133
,,,,376446.51,92600.0,94.0,0.0,,,842.43785
,,,,688955.7,0.0,66.0,0.0,,,475.2
,,,,362345.42,0.0,111.0,2.0,,,1171.93117
,,,,758211.38,64801.0,64.0,0.0,,,268.471802
,,,,827774.56,45257.0,103.0,0.0,,,494.4
,,,,257645.56,26854.0,66.0,0.0,,,475.2
,,,,820538.79,85840.0,102.0,2.0,,,138.722385
,,,,1958246.89,26463.0,72.0,0.0,,,345.6
,,,,648152.66,30689.0,81.0,0.0,,,467.24802
,,,,259931.09,29590.0,66.0,0.0,,,467.503236
,,,,983033.76,25965.0,253.0,0.0,,,1214.4
,,,,1044265.14,17269.0,139.0,0.0,,,667.2
,,,,3605753.7,90330.0,137.0,3.0,,,192.085299
,,,,847003.68,0.0,113.0,0.0,,,619.973889
,,,,827878.65,0.0,110.0,0.0,,,1002.782553
,,,,478893.26,0.0,67.0,1.0,,,321.6
,,,,308799.99,18558.0,80.0,0.0,,,384.0
,,,,444373.62,46384.0,113.0,0.0,,,251.774574
,,,,798408.65,0.0,72.0,0.0,,,866.208321
,,,,718097.1,42303.0,180.0,0.0,,,1210.920949
,,,,1565603.43,71731.0,130.0,0.0,,,599.648466
,,,,578018.22,51066.0,74.0,0.0,,,787.993313
,,,,2071494.04,0.0,203.0,0.0,,,2027.724442
,,,,533735.24,0.0,86.0,3.0,,,619.2
,,,,505082.62,0.0,69.0,0.0,,,72.852047
,,,,511662.4,26173.0,68.0,1.0,,,449.819671
,,,,726873.7,24445.0,63.0,0.0,,,302.4
,,,,261661.39,72302.0,66.0,0.0,,,316.8
,,,,373843.62,27208.0,102.0,0.0,,,489.6
,,,,272535.64,36650.0,69.0,1.0,,,56.60333
,,,,545386.12,30855.0,68.0,0.0,,,259.060862
,,,,684615.03,0.0,95.0,0.0,,,456.0
,,,,617291.42,99960.0,76.0,0.0,,,364.8
,,,,1034632.45,0.0,98.0,0.0,,,470.4
,,,,699700.86,55873.0,88.0,0.0,,,299.356083
,,,,419625.77,18052.0,111.0,0.0,,,699.1679
,,,,785810.98,28937.0,104.0,2.0,,,117.959654
,,,,606434.4,0.0,86.0,0.0,,,545.240341
,,,,1749752.2,0.0,73.0,0.0,,,350.4
,,,,897064.73,12829.0,118.0,0.0,,,328.231432
,,,,592311.72,92163.0,73.0,0.0,,,66.568642
,,,,3585059.94,17588.0,192.0,0.0,,,1382.4
,,,,870984.53,41546.0,111.0,0.0,,,121.306839
,,,,1330933.52,0.0,127.0,0.0,,,609.6
,,,,452850.49,70340.0,113.0,0.0,,,542.4
,,,,279190.65,0.0,74.0,0.0,,,532.8
,,,,443441.12,34549.0,111.0,0.0,,,125.933005
,,,,799600.75,93459.0,99.0,0.0,,,655.41333
,,,,512973.9,86148.0,65.0,2.0,,,312.0
,,,,569717.52,27048.0,72.0,0.0,,,345.6
,,,,921713.06,73259.0,115.0,0.0,,,673.34265
,,,,1020892.76,35482.0,129.0,0.0,,,619.2
,,,,417068.73,29462.0,107.0,1.0,,,513.6
,,,,450540.58,67801.0,115.0,1.0,,,23.810491
,,,,310756.86,0.0,94.0,4.0,,,451.2
,,,,552866.5,16042.0,73.0,0.0,,,350.4
,,,,504586.67,28056.0,64.0,1.0,,,307.2
,,,,296272.25,16495.0,85.0,3.0,,,408.0
,,,,866595.64,41163.0,108.0,0.0,,,231.922173
,,,,1141344.12,0.0,161.0,1.0,,,772.8
,,,,1548843.2,33799.0,109.0,3.0,,,664.980242
,,,,886114.95,90125.0,110.0,0.0,,,128.645946
,,,,593474.15,87747.0,147.0,1.0,,,46.492039
,,,,354323.21,35695.0,90.0,0.0,,,432.0
,,,,349002.83,90985.0,87.0,0.0,,,78.085149
,,,,368309.99,0.0,101.0,0.0,,,564.466556
,,,,598977.39,66839.0,154.0,0.0,,,739.2
,,,,1250084.3,0.0,165.0,0.0,,,792.0
,,,,860915.82,79090.0,107.0,0.0,,,289.040734
,,,,249745.51,24825.0,64.0,0.0,,,155.938593
,,,,701917.72,26806.0,63.0,0.0,,,302.4
,,,,538792.63,56835.0,67.0,0.0,,,326.549425
,,,,616555.75,0.0,88.0,0.0,,,653.65668
,,,,273020.29,46135.0,69.0,0.0,,,103.935601
,,,,516211.69,0.0,73.0,0.0,,,809.532341
,,,,793706.48,22862.0,67.0,0.0,,,321.6
,,,,860815.72,21450.0,110.0,2.0,,,528.0
,,,,263254.58,95854.0,65.0,0.0,,,312.0
,,,,778500.42,44897.0,99.0,1.0,,,580.72531
,,,,2163983.86,64455.0,108.0,0.0,,,133.735395
,,,,498082.5,53265.0,62.0,0.0,,,238.005074
,,,,745723.78,0.0,198.0,1.0,,,1577.674417
,,,,1064093.93,50450.0,90.0,0.0,,,135.892444
,,,,686250.83,54780.0,88.0,3.0,,,135.26125
,,,,904898.34,0.0,119.0,0.0,,,571.2
,,,,554803.19,67798.0,69.0,0.0,,,331.2
,,,,831268.16,21442.0,118.0,0.0,,,566.4
,,,,238998.1,27615.0,62.0,1.0,,,297.6
,,,,445811.34,17622.0,65.0,1.0,,,312.0
,,,,529574.17,50200.0,135.0,0.0,,,637.063458
,,,,383960.61,0.0,112.0,2.0,,,537.6
,,,,373150.46,0.0,96.0,0.0,,,460.8
,,,,277890.37,73570.0,70.0,1.0,,,75.936096
,,,,401654.2,0.0,111.0,0.0,,,799.2
,,,,493094.93,70412.0,61.0,0.0,,,136.291083
,,,,249131.7,36631.0,62.0,0.0,,,67.530904
,,,,290887.59,35895.0,73.0,0.0,,,312.921256
,,,,428294.8,40864.0,109.0,1.0,,,166.937747
,,,,834162.37,0.0,118.0,0.0,,,566.4
,,,,509078.13,93018.0,63.0,0.0,,,135.382194
,,,,736618.83,70014.0,62.0,0.0,,,17.742954
,,,,243687.51,48875.0,61.0,0.0,,,1.838367
,,,,885268.87,67969.0,74.0,0.0,,,197.776009
,,,,2387547.68,0.0,108.0,0.0,,,612.102262
,,,,560049.65,68665.0,69.0,0.0,,,331.2
,,,,463654.65,26802.0,66.0,1.0,,,316.8
,,,,757334.51,0.0,110.0,0.0,,,1193.036154
,,,,1469663.55,45345.0,125.0,0.0,,,600.0
,,,,897214.03,89689.0,74.0,0.0,,,136.829537
,,,,772484.01,32051.0,193.0,1.0,,,926.4
,,,,594667.07,81139.0,74.0,0.0,,,392.6364
,,,,800054.51,63834.0,100.0,1.0,,,215.226476
,,,,645756.1,37548.0,81.0,0.0,,,160.598662
,,,,728144.01,0.0,69.0,3.0,,,371.803029
,,,,259243.78,72421.0,65.0,0.0,,,312.0
,,,,467842.34,83102.0,116.0,0.0,,,443.670399
,,,,1386992.71,28432.0,118.0,0.0,,,612.300581
,,,,871777.78,83707.0,108.0,0.0,,,290.391526
,,,,523398.68,63259.0,65.0,0.0,,,316.795337
,,,,476418.97,0.0,67.0,0.0,,,405.527937
,,,,247246.92,63860.0,62.0,0.0,,,208.598246
,,,,281369.26,43836.0,73.0,0.0,,,138.130879
,,,,550505.7,86132.0,68.0,0.0,,,301.437365
,,,,260620.85,28519.0,66.0,0.0,,,456.473115
,,,,1048194.38,39102.0,88.0,0.0,,,152.338562
,,,,325676.64,0.0,89.0,0.0,,,491.755368
,,,,3047578.05,97298.0,128.0,0.0,,,48.517439
,,,,636490.22,41986.0,84.0,2.0,,,430.375049
,,,,946850.93,0.0,88.0,0.0,,,633.6
,,,,563145.19,17291.0,73.0,0.0,,,350.4
,,,,778099.93,0.0,74.0,0.0,,,246.489123
,,,,981652.83,37256.0,62.0,0.0,,,128.969729
,,,,751913.36,96306.0,95.0,1.0,,,185.355353
,,,,1017971.7,14290.0,271.0,0.0,,,1300.8
,,,,277283.92,37038.0,71.0,1.0,,,9.071305
,,,,403750.18,90760.0,103.0,2.0,,,133.475315
,,,,419196.61,77048.0,103.0,0.0,,,141.199465
,,,,267686.79,54480.0,67.0,0.0,,,321.6
,,,,252395.96,16244.0,68.0,0.0,,,623.223617
,,,,698840.16,22436.0,89.0,0.0,,,427.2
,,,,874205.78,71592.0,72.0,0.0,,,141.725051
,,,,267331.96,28728.0,67.0,0.0,,,321.6
,,,,1215732.99,57449.0,103.0,0.0,,,494.4
,,,,295776.4,83318.0,73.0,0.0,,,211.336937
,,,,717390.94,75217.0,61.0,1.0,,,147.080303
,,,,309953.8,0.0,102.0,5.0,,,862.762957
,,,,841568.46,55308.0,107.0,0.0,,,513.6
,,,,2684312.45,36068.0,97.0,0.0,,,113.367765
,,,,1305717.07,48804.0,112.0,1.0,,,537.6
,,,,959995.02,0.0,131.0,0.0,,,943.2
,,,,853510.89,55790.0,111.0,0.0,,,117.672722
,,,,829348.19,70258.0,69.0,0.0,,,225.145949
,,,,684615.03,0.0,95.0,0.0,,,456.0
,,,,663685.98,47274.0,83.0,1.0,,,182.432565
,,,,560908.25,44705.0,71.0,0.0,,,148.173152
,,,,507732.09,0.0,73.0,0.0,,,525.6
,,,,527562.7,70446.0,65.0,0.0,,,155.570802
,,,,251459.2,43860.0,65.0,0.0,,,156.124914
,,,,343525.01,64348.0,86.0,0.0,,,212.391975
,,,,662461.18,0.0,62.0,0.0,,,297.6
,,,,575744.23,88997.0,72.0,0.0,,,174.041566
,,,,251459.2,43860.0,65.0,0.0,,,156.124914
,,,,288645.16,10312.0,78.0,0.0,,,486.278557
,,,,534143.88,0.0,72.0,1.0,,,345.6
,,,,416001.81,96263.0,103.0,0.0,,,1.924709
,,,,284624.54,28919.0,72.0,0.0,,,518.4
,,,,477025.66,0.0,68.0,1.0,,,326.4
,,,,505961.62,41869.0,64.0,0.0,,,262.12205
,,,,909574.46,0.0,128.0,0.0,,,921.6
,,,,268886.4,32808.0,68.0,1.0,,,541.695658
,,,,827763.76,79780.0,68.0,0.0,,,326.4
,,,,905793.53,91025.0,112.0,0.0,,,327.682669
,,,,380175.04,33043.0,95.0,0.0,,,456.0
,,,,933934.16,69442.0,118.0,3.0,,,1265.570302
,,,,252012.32,0.0,70.0,0.0,,,63.043197
,,,,498409.53,0.0,70.0,0.0,,,336.0
,,,,259574.8,47234.0,65.0,0.0,,,15.631363
,,,,743769.33,86863.0,92.0,0.0,,,441.6
,,,,1453678.76,25805.0,66.0,2.0,,,375.866091
,,,,591330.59,43676.0,76.0,0.0,,,364.8
,,,,277166.3,59855.0,74.0,4.0,,,355.2
,,,,2919436.64,35296.0,126.0,0.0,,,452.616872
,,,,988038.58,36576.0,125.0,1.0,,,113.450122
,,,,1511440.24,28513.0,100.0,1.0,,,480.0
,,,,575991.08,85448.0,72.0,0.0,,,16.03451
,,,,849516.42,23791.0,110.0,3.0,,,615.27228
,,,,438118.42,20597.0,112.0,0.0,,,615.256301
,,,,699782.74,56940.0,87.0,0.0,,,512.66245
,,,,1143058.85,93210.0,71.0,0.0,,,74.523935
,,,,748248.61,48992.0,94.0,1.0,,,426.072946
,,,,859691.66,53736.0,71.0,0.0,,,169.287785
,,,,785496.08,25378.0,66.0,1.0,,,419.464143
,,,,258240.85,76731.0,64.0,0.0,,,201.455005
,,,,907576.82,37722.0,116.0,0.0,,,158.077504
,,,,411858.86,69379.0,103.0,0.0,,,494.4
,,,,1215732.99,57449.0,103.0,0.0,,,494.4
,,,,515281.96,0.0,68.0,0.0,,,326.4
,,,,651297.65,0.0,93.0,0.0,,,669.6
,,,,2778969.24,33806.0,89.0,0.0,,,395.729716
,,,,266727.0,94041.0,66.0,0.0,,,159.756733
,,,,1092840.71,74965.0,90.0,0.0,,,58.557552
,,,,761538.13,34095.0,63.0,0.0,,,302.4
,,,,200435.07,0.0,66.0,4.0,,,316.8
,,,,243468.12,96045.0,61.0,0.0,,,8.582971
,,,,1419536.03,86355.0,118.0,0.0,,,285.418473
,,,,942768.49,27824.0,118.0,0.0,,,566.4
,,,,1198242.09,42995.0,101.0,0.0,,,410.508316
,,,,310278.95,21235.0,79.0,0.0,,,244.23135
,,,,422263.12,74585.0,106.0,0.0,,,218.598065
,,,,402381.44,41833.0,103.0,0.0,,,643.826716
,,,,529715.18,23908.0,70.0,0.0,,,336.0
,,,,2142363.72,0.0,65.0,0.0,,,312.0
,,,,441620.62,61953.0,113.0,0.0,,,497.047297
,,,,463903.52,0.0,142.0,0.0,,,1022.4
,,,,486354.46,0.0,137.0,0.0,,,657.6
,,,,2583090.98,73760.0,107.0,1.0,,,230.245772
,,,,297431.49,23333.0,74.0,0.0,,,5.622751
,,,,206445.88,0.0,61.0,0.0,,,292.8
,,,,1006460.83,20440.0,128.0,2.0,,,614.4
,,,,803240.19,27658.0,68.0,0.0,,,160.07526
,,,,548921.41,50943.0,139.0,0.0,,,667.2
,,,,261275.67,19003.0,71.0,0.0,,,34.651305
,,,,857346.39,46703.0,108.0,0.0,,,678.100487
,,,,2412750.4,14072.0,71.0,0.0,,,511.2
,,,,855038.66,21733.0,73.0,0.0,,,525.6
,,,,230864.8,20811.0,61.0,0.0,,,292.8
,,,,425462.07,11904.0,61.0,2.0,,,292.8
,,,,898285.04,43490.0,114.0,4.0,,,174.588413
,,,,786816.6,57340.0,67.0,0.0,,,159.391681
,,,,770424.87,49088.0,97.0,0.0,,,698.4
,,,,1055217.0,47761.0,131.0,0.0,,,232.711071
,,,,1604510.95,0.0,65.0,0.0,,,163.046956
,,,,873783.75,61281.0,110.0,0.0,,,79.865605
,,,,545489.07,0.0,82.0,1.0,,,393.6
,,,,770528.33,25290.0,66.0,0.0,,,382.085897
,,,,703926.24,24239.0,88.0,0.0,,,48.348319
,,,,883808.56,82664.0,114.0,3.0,,,133.425609
,,,,873352.73,83210.0,110.0,0.0,,,528.0
,,,,959747.48,38736.0,81.0,0.0,,,561.414794
,,,,450666.02,0.0,66.0,0.0,,,316.8
,,,,1785797.23,55437.0,64.0,1.0,,,445.287788
,,,,249780.82,68041.0,6464.0,0.0,,,165.570243
,,,,542613.62,0.0,71.0,0.0,,,407.99684
,,,,799814.38,29066.0,100.0,0.0,,,844.229478
,,,,289762.07,54337.0,72.0,0.0,,,345.6
,,,,1159950.22,67616.0,96.0,0.0,,,340.306584
,,,,1514793.06,41082.0,63.0,0.0,,,106.647493
,,,,543576.78,0.0,10202.0,0.0,,,626.116259
,,,,272535.64,36650.0,69.0,1.0,,,56.60333
,,,,1329771.23,50631.0,112.0,4.0,,,784.65781
,,,,992704.97,19592.0,92.0,0.0,,,441.6
,,,,1777154.9,0.0,114.0,0.0,,,547.2
,,,,1826927.02,55761.0,115.0,0.0,,,86.27772
,,,,272221.07,17576.0,71.0,0.0,,,398.502948
,,,,708321.24,41449.0,89.0,0.0,,,63.516572
,,,,1017971.7,14290.0,271.0,0.0,,,1300.8
,,,,588950.91,62007.0,73.0,0.0,,,120.015609
,,,,1577139.34,21921.0,206.0,0.0,,,1254.137899
,,,,528817.33,42621.0,66.0,0.0,,,316.8
,,,,2758055.4,0.0,87.0,1.0,,,417.6
,,,,777853.23,63786.0,196.0,0.0,,,798.002689
,,,,734186.13,0.0,104.0,3.0,,,82.041684
,,,,791919.7,82877.0,99.0,1.0,,,22.819088
,,,,216387.02,0.0,63.0,0.0,,,302.4
,,,,978780.88,10475.0,88.0,1.0,,,422.4
,,,,520764.08,21952.0,66.0,0.0,,,316.8
,,,,2114727.72,49721.0,132.0,0.0,,,639.971388
,,,,1228076.66,88340.0,102.0,0.0,,,489.6
,,,,244139.42,0.0,65.0,0.0,,,312.0
,,,,653556.06,0.0,65.0,0.0,,,468.0
,,,,920659.83,24589.0,82.0,0.0,,,511.497882
,,,,411858.86,69379.0,103.0,0.0,,,494.4
,,,,483820.9,73769.0,61.0,2.0,,,239.540223
,,,,462554.81,66670.0,114.0,0.0,,,518.180364
,,,,1404210.3,88854.0,118.0,0.0,,,715.252366
,,,,754661.35,31266.0,193.0,0.0,,,926.4
,,,,251459.2,43860.0,65.0,0.0,,,156.124914
,,,,517035.84,89284.0,133.0,2.0,,,402.070719
,,,,1391737.72,67267.0,89.0,0.0,,,94.814032
,,,,1131813.08,79270.0,95.0,3.0,,,456.0
,,,,427636.36,36692.0,109.0,1.0,,,523.2
,,,,432224.03,0.0,119.0,0.0,,,571.2
,,,,800230.83,0.0,107.0,0.0,,,513.6
,,,,388545.64,0.0,105.0,0.0,,,504.0
,,,,447177.82,0.0,135.0,0.0,,,972.0
,,,,849635.28,44624.0,71.0,1.0,,,73.883044
,,,,2250088.35,0.0,71.0,0.0,,,340.8
,,,,1630196.76,19614.0,85.0,0.0,,,574.024018
,,,,231973.59,0.0,64.0,0.0,,,632.715382
,,,,871704.98,83846.0,74.0,3.0,,,355.2
,,,,286011.17,51159.0,72.0,0.0,,,4.238626
,,,,245340.83,83772.0,62.0,0.0,,,42.248087
,,,,598977.39,66839.0,154.0,0.0,,,739.2
,,,,2498022.55,88440.0,70.0,0.0,,,27.145151
,,,,748263.95,25666.0,63.0,2.0,,,270.002766
,,,,245757.6,52926.0,61.0,0.0,,,292.8
,,,,237974.12,0.0,67.0,0.0,,,494.946438
,,,,828696.44,40001.0,70.0,0.0,,,142.567008
,,,,239391.54,0.0,70.0,0.0,,,425.266308
,,,,465715.95,18024.0,65.0,0.0,,,312.0
,,,,1319792.89,0.0,68.0,3.0,,,326.4
,,,,280391.67,23220.0,74.0,0.0,,,251.334247
,,,,864650.41,64125.0,108.0,0.0,,,369.818708
,,,,742587.06,58042.0,62.0,0.0,,,161.419528
,,,,452873.74,90034.0,112.0,0.0,,,537.6
,,,,222707.28,27972.0,61.0,0.0,,,292.8
,,,,729294.88,0.0,65.0,0.0,,,312.0
,,,,318435.52,50989.0,80.0,0.0,,,255.999709
,,,,1131520.37,11885.0,101.0,0.0,,,484.8
,,,,253070.51,89451.0,63.0,0.0,,,61.769564
,,,,1836155.53,0.0,182.0,0.0,,,1310.4
,,,,864153.0,78904.0,109.0,0.0,,,250.001424
,,,,327853.19,70247.0,83.0,1.0,,,141.799422
,,,,527198.21,32653.0,67.0,0.0,,,321.6
,,,,376363.77,93595.0,97.0,4.0,,,49.797016
,,,,1395556.96,90279.0,115.0,0.0,,,372.175592
,,,,500152.75,0.0,72.0,0.0,,,542.14385
,,,,708283.04,53310.0,189.0,3.0,,,1360.8
,,,,761948.28,0.0,105.0,0.0,,,504.0
,,,,1255088.2,22234.0,160.0,0.0,,,768.0
,,,,3219660.04,91375.0,99.0,0.0,,,72.632934
,,,,679377.41,22250.0,86.0,0.0,,,720.601429
,,,,527231.97,0.0,80.0,0.0,,,576.0
,,,,626534.33,0.0,84.0,1.0,,,481.025786
,,,,854758.61,51179.0,71.0,0.0,,,466.176731
,,,,278742.37,38667.0,72.0,0.0,,,159.266473
,,,,462680.11,79487.0,114.0,0.0,,,547.2
,,,,866336.4,67763.0,107.0,2.0,,,41.283167
,,,,387222.22,0.0,62.0,2.0,,,503.808329
,,,,517081.15,0.0,71.0,0.0,,,859.599411
,,,,896028.02,71943.0,112.0,0.0,,,305.653785
,,,,547183.43,53526.0,68.0,0.0,,,278.902846
,,,,3493100.17,35005.0,295.0,0.0,,,1416.0
,,,,262039.23,24721.0,67.0,0.0,,,139.963594
,,,,1906949.95,0.0,102.0,2.0,,,734.4
,,,,575744.23,88997.0,72.0,0.0,,,174.041566
,,,,4022401.36,48587.0,111.0,0.0,,,532.8
,,,,270148.83,76310.0,67.0,0.0,,,321.6
,,,,371243.05,73205.0,92.0,0.0,,,37.299865
,,,,2185084.0,51056.0,78.0,0.0,,,95.816516
,,,,784016.58,58414.0,210.0,2.0,,,1008.0
,,,,823703.79,23940.0,107.0,0.0,,,513.6
,,,,224347.39,0.0,62.0,0.0,,,446.4
,,,,843446.41,44216.0,71.0,0.0,,,72.205362
,,,,222707.28,27972.0,61.0,0.0,,,292.8
,,,,517002.6,0.0,69.0,0.0,,,331.2
,,,,264144.61,29305.0,66.0,0.0,,,475.2
,,,,279068.3,53882.0,69.0,0.0,,,331.2
,,,,274512.98,91757.0,69.0,1.0,,,331.2
,,,,757953.27,33906.0,64.0,0.0,,,401.592109
,,,,1097878.03,68158.0,139.0,1.0,,,253.183568
,,,,825506.01,0.0,134.0,3.0,,,643.2
,,,,474773.46,42165.0,123.0,0.0,,,799.673766
,,,,354090.43,0.0,101.0,0.0,,,727.2
,,,,343613.43,30817.0,88.0,0.0,,,91.834668
,,,,258218.53,68074.0,65.0,0.0,,,27.987867
,,,,1166509.78,84978.0,35353.0,1.0,,,166.77296
,,,,739628.37,71135.0,92.0,1.0,,,270.563995
,,,,433079.98,0.0,61.0,0.0,,,292.8
,,,,907576.82,37722.0,116.0,0.0,,,158.077504
,,,,1463545.16,0.0,139.0,0.0,,,667.2
,,,,856476.82,95697.0,107.0,0.0,,,178.006524
,,,,1156568.75,64642.0,96.0,0.0,,,404.265696
,,,,277104.5,50071.0,71.0,0.0,,,18.918935
,,,,850712.88,46754.0,106.0,1.0,,,513.818403
,,,,758211.38,64801.0,64.0,0.0,,,268.471802
,,,,332309.25,70410.0,83.0,0.0,,,131.828507
,,,,523433.17,66957.0,131.0,1.0,,,628.8
,,,,2470959.96,24213.0,78.0,1.0,,,374.4
,,,,1778627.78,99790.0,6464.0,0.0,,,178.986788
,,,,255122.67,79751.0,63.0,0.0,,,392.235698
,,,,724771.37,86122.0,182.0,1.0,,,873.6
,,,,453884.78,82297.0,116.0,0.0,,,0.382107
,,,,3164210.46,89057.0,98.0,0.0,,,187.363583
,,,,873042.2,43259.0,73.0,0.0,,,350.4
,,,,833273.06,0.0,79.0,0.0,,,379.2
,,,,235774.7,25064.0,62.0,0.0,,,297.6
,,,,463716.4,25816.0,119.0,0.0,,,571.2
,,,,535719.27,0.0,73.0,0.0,,,350.853987
,,,,539197.1,41662.0,69.0,0.0,,,217.973168
,,,,369414.05,96170.0,92.0,0.0,,,441.6
,,,,504041.24,46072.0,64.0,0.0,,,25.934064
,,,,2749542.19,37931.0,99.0,0.0,,,475.2
,,,,484228.5,35127.0,62.0,0.0,,,297.6
,,,,2738281.89,45473.0,76.0,0.0,,,188.938397
,,,,522710.19,93087.0,131.0,3.0,,,628.8
,,,,259009.6,22398.0,67.0,2.0,,,321.6
,,,,1053607.8,92983.0,87.0,1.0,,,153.205591
,,,,858127.87,27689.0,239.0,2.0,,,2893.239678
,,,,946311.33,69654.0,118.0,0.0,,,629.532731
,,,,1344100.64,80744.0,111.0,0.0,,,361.284757
,,,,388650.48,0.0,112.0,0.0,,,1185.988301
,,,,678489.37,0.0,64.0,1.0,,,460.8
,,,,2359468.02,76358.0,66.0,0.0,,,86.461582
,,,,253862.63,18608.0,71.0,0.0,,,340.8
,,,,563994.2,73168.0,70.0,0.0,,,425.800112
,,,,1168137.43,70930.0,99.0,0.0,,,190.43446
,,,,2599775.0,62262.0,72.0,0.0,,,193.505325
,,,,1377836.93,91474.0,113.0,0.0,,,24.087774
,,,,492318.17,61469.0,63.0,5.0,,,302.4
,,,,227233.54,16618.0,62.0,0.0,,,219.288706
,,,,1489539.8,48081.0,188.0,0.0,,,881.360959
,,,,975604.5,67632.0,121.0,0.0,,,26.951627
,,,,942297.41,34115.0,119.0,0.0,,,466.122541
,,,,383735.76,23051.0,99.0,0.0,,,475.2
,,,,1095213.19,23748.0,99.0,0.0,,,607.095655
,,,,815913.66,40589.0,69.0,0.0,,,331.2
,,,,1948049.98,50809.0,83.0,0.0,,,290.381707
,,,,391936.67,66676.0,97.0,0.0,,,558.099357
,,,,798514.21,52339.0,70.0,3.0,,,336.0
,,,,1216874.49,14973.0,115.0,0.0,,,828.0
,,,,584932.15,0.0,83.0,0.0,,,540.514115
,,,,508583.66,31546.0,65.0,0.0,,,100.049832
,,,,290393.98,67763.0,73.0,1.0,,,59.861963
,,,,627317.34,20836.0,79.0,0.0,,,193.57032
,,,,1832141.9,88592.0,76.0,0.0,,,199.79727
,,,,517870.42,66943.0,65.0,1.0,,,53.084753
,,,,1402435.84,81872.0,115.0,0.0,,,256.43803
,,,,530943.59,22404.0,70.0,1.0,,,211.136067
,,,,494980.38,21342.0,62.0,0.0,,,74.350893
,,,,859566.53,34621.0,108.0,1.0,,,621.464468
,,,,2295189.2,62396.0,64.0,0.0,,,307.2
,,,,379213.03,97212.0,93.0,0.0,,,360.05589
,,,,275574.8,49648.0,70.0,0.0,,,65.954813
,,,,488033.96,97984.0,61.0,1.0,,,407.450118
,,,,905190.53,26308.0,114.0,0.0,,,547.2
,,,,1011544.62,63528.0,256.0,0.0,,,1228.8
,,,,826907.54,20225.0,114.0,1.0,,,547.2
,,,,807165.3,0.0,112.0,0.0,,,806.4
,,,,772699.36,87620.0,64.0,0.0,,,24.063693
,,,,831113.59,0.0,72.0,0.0,,,311.329282
,,,,257402.04,34990.0,65.0,0.0,,,42.689135
,,,,572732.71,99934.0,71.0,0.0,,,460.323855
,,,,367914.21,60804.0,92.0,0.0,,,213.225001
,,,,274451.96,94648.0,69.0,0.0,,,331.2
,,,,563674.03,24516.0,71.0,0.0,,,300.607591
,,,,1687038.82,61063.0,85.0,0.0,,,262.504882
,,,,273800.2,0.0,74.0,0.0,,,263.365432
,,,,464470.05,0.0,64.0,0.0,,,307.2
,,,,474668.65,15169.0,63.0,0.0,,,302.4
,,,,1687432.82,55390.0,71.0,0.0,,,256.268091
,,,,238760.61,27592.0,62.0,0.0,,,297.6
,,,,446533.57,61846.0,112.0,0.0,,,215.8182
,,,,459162.59,83297.0,113.0,0.0,,,542.4
,,,,1309258.58,0.0,188.0,0.0,,,1353.6
,,,,911226.66,0.0,90.0,0.0,,,432.0
,,,,416516.66,55897.0,104.0,0.0,,,499.2
,,,,265998.06,21297.0,71.0,0.0,,,45.507952
,,,,1198659.21,87560.0,98.0,1.0,,,470.4
,,,,289873.27,0.0,96.0,4.0,,,691.2
,,,,289424.39,0.0,85.0,0.0,,,408.0
,,,,350045.44,89398.0,86.0,0.0,,,82.409922
,,,,262180.86,36843.0,68.0,3.0,,,357.642982
,,,,1022180.5,0.0,134.0,0.0,,,643.2
,,,,257827.1,34946.0,65.0,0.0,,,420.35698
,,,,624259.57,75680.0,78.0,0.0,,,136.787725
,,,,522028.1,0.0,69.0,0.0,,,331.2
,,,,313643.21,49532.0,79.0,1.0,,,220.186677
,,,,452536.58,10269.0,65.0,0.0,,,170.798204
,,,,497035.73,49714.0,63.0,3.0,,,266.165535
,,,,1546778.9,77517.0,129.0,0.0,,,98.921782
,,,,583889.92,81082.0,73.0,0.0,,,281.295903
,,,,1065688.2,72540.0,88.0,0.0,,,631.743039
,,,,228961.87,0.0,65.0,0.0,,,468.0
,,,,543980.42,61546.0,68.0,0.0,,,29.209521
,,,,795615.01,44818.0,67.0,1.0,,,136.883999
,,,,445811.34,17622.0,65.0,1.0,,,312.0
,,,,255505.15,0.0,72.0,0.0,,,518.4
,,,,330799.9,79797.0,84.0,0.0,,,31.755601
,,,,845905.32,92717.0,70.0,0.0,,,224.27582
,,,,1335012.09,28919.0,173.0,0.0,,,830.4
,,,,493122.13,0.0,68.0,0.0,,,480.159011
,,,,777683.52,63568.0,65.0,0.0,,,390.792553
,,,,255367.22,73935.0,64.0,1.0,,,72.071195
,,,,487646.97,0.0,66.0,0.0,,,316.8
,,,,903430.58,18846.0,115.0,0.0,,,552.0
,,,,810591.08,38893.0,103.0,0.0,,,41.965252
,,,,561968.91,0.0,153.0,0.0,,,1027.000029
,,,,1572713.06,84824.0,196.0,0.0,,,319.820747
,,,,661801.64,20068.0,86.0,0.0,,,411.011162
,,,,467004.8,0.0,125.0,0.0,,,600.0
,,,,1016936.98,0.0,135.0,0.0,,,648.0
,,,,832307.4,97245.0,70.0,0.0,,,4.110585
,,,,241776.0,51808.0,61.0,1.0,,,351.149904
,,,,804487.24,71391.0,67.0,0.0,,,284.000172
,,,,532572.45,0.0,73.0,0.0,,,496.474767
,,,,694752.4,0.0,100.0,0.0,,,925.137143
,,,,584741.52,23496.0,77.0,0.0,,,13.164097
,,,,472478.61,23986.0,119.0,0.0,,,463.335061
,,,,279022.8,22974.0,71.0,0.0,,,180.667969
,,,,2153133.28,0.0,101.0,0.0,,,484.8
,,,,1262283.27,61844.0,106.0,0.0,,,508.8
,,,,2017196.15,24804.0,73.0,0.0,,,350.4
,,,,1646436.59,27760.0,104.0,0.0,,,302.764283
,,,,559538.99,74454.0,71.0,0.0,,,340.8
,,,,417068.73,29462.0,107.0,1.0,,,513.6
,,,,266544.71,52266.0,68.0,0.0,,,141.922839
,,,,709891.41,0.0,70.0,0.0,,,349.783046
,,,,397134.51,23599.0,103.0,0.0,,,494.4
,,,,552821.28,36088.0,72.0,0.0,,,345.6
,,,,833899.58,70534.0,104.0,0.0,,,54.065538
,,,,3844585.59,27398.0,125.0,1.0,,,600.0
,,,,544855.52,85296.0,68.0,0.0,,,342.515136
,,,,1080806.6,31063.0,92.0,0.0,,,441.6
,,,,618509.65,0.0,92.0,0.0,,,1027.177255
,,,,320822.59,52367.0,81.0,0.0,,,275.989978
,,,,548010.41,58651.0,71.0,0.0,,,472.599683
,,,,2298615.39,84831.0,192.0,0.0,,,1336.931716
,,,,1310792.59,49088.0,114.0,1.0,,,547.2
,,,,746292.63,70263.0,93.0,0.0,,,7.345946
,,,,1146399.1,45354.0,285.0,0.0,,,540.141566
,,,,723613.25,0.0,63.0,0.0,,,383.363758
,,,,623268.79,28334.0,83.0,0.0,,,537.765151
,,,,2839332.99,38772.0,90.0,0.0,,,321.873474
,,,,374675.16,41479.0,94.0,1.0,,,19.575683
,,,,2156933.73,23909.0,119.0,0.0,,,571.2
,,,,501208.37,48328.0,63.0,0.0,,,108.138715
,,,,337185.84,86689.0,85.0,0.0,,,408.0
,,,,386477.68,24204.0,99.0,1.0,,,707.303416
,,,,414571.19,25943.0,110.0,0.0,,,1067.333126
,,,,515607.27,0.0,73.0,0.0,,,807.947292
,,,,366737.5,62375.0,92.0,0.0,,,618.630955
,,,,783568.35,0.0,71.0,0.0,,,404.272806
,,,,1456726.84,0.0,148.0,0.0,,,710.4
,,,,1017133.9,70200.0,65.0,0.0,,,312.0
,,,,413577.52,0.0,112.0,0.0,,,707.977614
,,,,551149.11,79027.0,70.0,0.0,,,336.0
,,,,1131424.39,62935.0,141.0,0.0,,,232.242326
,,,,541461.73,26893.0,68.0,0.0,,,68.226001
,,,,742159.35,47406.0,94.0,1.0,,,287.149807
,,,,445811.34,17622.0,65.0,1.0,,,312.0
,,,,1447612.49,27572.0,124.0,0.0,,,595.2
,,,,493688.84,0.0,72.0,2.0,,,391.636628
,,,,452527.65,32802.0,114.0,0.0,,,547.2
,,,,558176.13,62739.0,70.0,0.0,,,239.328571
,,,,1413434.74,90844.0,118.0,0.0,,,232.674417
,,,,2472318.31,44685.0,69.0,0.0,,,331.2
,,,,283806.78,0.0,80.0,0.0,,,336.50961
,,,,384848.36,42589.0,98.0,0.0,,,470.4
,,,,1950447.39,0.0,72.0,0.0,,,345.6
,,,,248004.59,93383.0,62.0,0.0,,,244.212286
,,,,436137.29,79583.0,109.0,2.0,,,523.2
,,,,252907.75,89129.0,64.0,0.0,,,328.870868
,,,,250444.48,0.0,69.0,0.0,,,496.8
,,,,864970.06,94389.0,107.0,0.0,,,85.063708
,,,,1366835.53,0.0,197.0,0.0,,,1418.4
,,,,2063508.46,84106.0,64.0,0.0,,,334.408717
,,,,251753.36,0.0,69.0,0.0,,,42.096415
,,,,532667.77,76717.0,66.0,0.0,,,300.528579
,,,,260027.21,51978.0,66.0,0.0,,,144.782152
,,,,853479.28,47325.0,107.0,0.0,,,64.598216
,,,,882883.5,86721.0,111.0,0.0,,,532.8
,,,,224844.96,24910.0,63.0,1.0,,,347.857619
,,,,1230276.24,43817.0,62.0,1.0,,,245.447622
,,,,455659.3,0.0,73.0,2.0,,,525.6
,,,,253070.51,89451.0,63.0,0.0,,,61.769564
,,,,525198.4,59537.0,66.0,0.0,,,316.8
,,,,674311.93,0.0,199.0,0.0,,,955.2
,,,,1401472.13,54193.0,117.0,0.0,,,720.752945
,,,,943891.56,86946.0,118.0,0.0,,,340.656963
,,,,1050677.17,0.0,92.0,0.0,,,546.524896
,,,,421391.86,12160.0,109.0,0.0,,,489.411833
,,,,477368.64,33701.0,63.0,0.0,,,171.325856
,,,,544142.01,85702.0,67.0,0.0,,,249.085887
,,,,284226.69,69417.0,73.0,1.0,,,30.874869
,,,,305955.03,38644.0,78.0,1.0,,,361.455219
,,,,2031499.76,63209.0,102.0,2.0,,,207.320041
,,,,323912.47,16061.0,88.0,0.0,,,633.6
,,,,462680.11,79487.0,114.0,0.0,,,547.2
,,,,899704.02,54230.0,112.0,0.0,,,537.6
